Fuel Economy (passenger*miles/BTU),battery electric vehicle,natural gas vehicle,gasoline vehicle,diesel vehicle,plugin hybrid vehicle,LPG vehicle,hydrogen vehicle
LDVs,0.002947826,0.000281998,0.000281998,0.000739671,0.001029059,0.000281998,0.000768
HDVs,0.0043773,0.00136217,0.00136217,0.00136217,0.003020491,0,0.00217
aircraft,0,0,0,0,0,0,0.00114
rail,0,0,0,0,0,0,0.00213
ships,0,0,0,0,0,0,0.0000254
motorbikes,0.023582612,0.000690235,0.000690235,0.000690235,0.002572649,0.000690235,0.00273
